{
    "loss": 6.087060451507568,
    "accuracy": 0.5035971403121948
}