{
    "loss": 15.672192573547363,
    "accuracy": 0.48201438784599304
}